Lake,Year,Departure/Arrival,Date
Krankesjön,2004/2005,Departure,20/10/2004
Krankesjön,2004/2005,Departure,30/01/2005
Krankesjön,2004/2005,Departure,10/01/2005
Krankesjön,2004/2005,Departure,11/01/2005
Krankesjön,2004/2005,Departure,28/09/2004
Krankesjön,2004/2005,Departure,22/09/2004
Krankesjön,2004/2005,Departure,15/01/2005
Krankesjön,2004/2005,Departure,11/01/2005
Krankesjön,2004/2005,Departure,13/01/2005
Krankesjön,2004/2005,Departure,10/01/2005
Krankesjön,2004/2005,Departure,10/01/2005
Krankesjön,2004/2005,Departure,26/12/2004
Krankesjön,2004/2005,Departure,9/10/2004
Krankesjön,2004/2005,Departure,8/10/2004
Krankesjön,2004/2005,Departure,7/10/2004
Krankesjön,2004/2005,Departure,2/10/2004
Krankesjön,2004/2005,Departure,27/09/2004
Krankesjön,2004/2005,Departure,7/10/2004
Krankesjön,2004/2005,Departure,25/09/2004
Krankesjön,2004/2005,Departure,13/11/2004
Krankesjön,2004/2005,Departure,22/09/2004
Krankesjön,2004/2005,Departure,24/11/2004
Krankesjön,2004/2005,Departure,20/09/2004
Krankesjön,2004/2005,Departure,23/10/2004
Krankesjön,2004/2005,Departure,30/10/2004
Krankesjön,2004/2005,Departure,25/10/2004
Krankesjön,2004/2005,Departure,30/09/2004
Krankesjön,2004/2005,Departure,7/10/2004
Krankesjön,2004/2005,Departure,23/09/2004
Krankesjön,2004/2005,Departure,8/10/2004
Krankesjön,2004/2005,Departure,8/10/2004
Krankesjön,2004/2005,Departure,7/10/2004
Krankesjön,2004/2005,Departure,7/10/2004
Krankesjön,2004/2005,Departure,7/10/2004
Krankesjön,2004/2005,Departure,24/09/2004
Krankesjön,2004/2005,Departure,25/09/2004
Krankesjön,2004/2005,Departure,30/09/2004
Krankesjön,2004/2005,Departure,28/09/2004
Krankesjön,2004/2005,Departure,25/09/2004
Krankesjön,2004/2005,Departure,24/09/2004
Krankesjön,2004/2005,Departure,23/09/2004
Krankesjön,2004/2005,Departure,23/09/2004
Krankesjön,2004/2005,Departure,22/09/2004
Krankesjön,2004/2005,Departure,21/09/2004
Krankesjön,2004/2005,Departure,17/09/2004
Krankesjön,2004/2005,Departure,21/09/2004
Krankesjön,2004/2005,Departure,17/09/2004
Krankesjön,2004/2005,Departure,18/09/2004
Krankesjön,2004/2005,Departure,22/09/2004
Krankesjön,2004/2005,Departure,3/09/2004
Krankesjön,2004/2005,Departure,3/09/2004
Krankesjön,2004/2005,Departure,24/09/2004
Krankesjön,2004/2005,Departure,22/09/2004
Krankesjön,2004/2005,Departure,23/09/2004
Krankesjön,2004/2005,Departure,23/09/2004
Krankesjön,2004/2005,Departure,8/10/2004
Krankesjön,2004/2005,Departure,15/01/2005
Krankesjön,2004/2005,Departure,10/01/2005
Krankesjön,2004/2005,Departure,29/09/2004
Krankesjön,2004/2005,Departure,23/09/2004
Krankesjön,2004/2005,Departure,29/09/2004
Krankesjön,2004/2005,Departure,7/10/2004
Krankesjön,2004/2005,Departure,18/09/2004
Krankesjön,2004/2005,Departure,6/02/2005
Krankesjön,2004/2005,Departure,4/02/2005
Krankesjön,2004/2005,Departure,7/10/2004
Krankesjön,2004/2005,Departure,5/10/2004
Krankesjön,2004/2005,Departure,20/11/2004
Krankesjön,2004/2005,Departure,28/09/2004
Krankesjön,2004/2005,Departure,3/10/2004
Krankesjön,2004/2005,Departure,22/09/2004
Krankesjön,2004/2005,Departure,27/09/2004
Krankesjön,2004/2005,Departure,7/10/2004
Krankesjön,2004/2005,Departure,7/10/2004
Krankesjön,2004/2005,Departure,8/10/2004
Krankesjön,2004/2005,Departure,7/10/2004
Krankesjön,2004/2005,Departure,7/10/2004
Krankesjön,2004/2005,Departure,12/12/2004
Krankesjön,2004/2005,Departure,4/10/2004
Krankesjön,2004/2005,Departure,29/09/2004
Krankesjön,2004/2005,Departure,28/09/2004
Krankesjön,2004/2005,Departure,27/09/2004
Krankesjön,2004/2005,Departure,29/11/2004
Krankesjön,2004/2005,Departure,26/09/2004
Krankesjön,2004/2005,Departure,23/09/2004
Krankesjön,2004/2005,Departure,24/09/2004
Krankesjön,2004/2005,Departure,22/09/2004
Krankesjön,2004/2005,Departure,23/09/2004
Krankesjön,2004/2005,Departure,21/09/2004
Krankesjön,2004/2005,Departure,15/11/2004
Krankesjön,2004/2005,Departure,22/09/2004
Krankesjön,2004/2005,Departure,24/09/2004
Krankesjön,2004/2005,Departure,24/10/2004
Krankesjön,2004/2005,Departure,7/10/2004
Krankesjön,2004/2005,Departure,8/10/2004
Krankesjön,2004/2005,Departure,27/10/2004
Krankesjön,2004/2005,Departure,7/10/2004
Krankesjön,2004/2005,Departure,8/10/2004
Krankesjön,2004/2005,Departure,26/09/2004
Krankesjön,2004/2005,Departure,30/09/2004
Krankesjön,2004/2005,Departure,7/10/2004
Krankesjön,2004/2005,Departure,8/10/2004
Krankesjön,2004/2005,Departure,30/09/2004
Krankesjön,2004/2005,Departure,30/09/2004
Krankesjön,2004/2005,Departure,29/09/2004
Krankesjön,2004/2005,Departure,28/09/2004
Krankesjön,2004/2005,Departure,23/09/2004
Krankesjön,2004/2005,Departure,22/09/2004
Krankesjön,2004/2005,Departure,23/09/2004
Krankesjön,2004/2005,Departure,21/09/2004
Krankesjön,2004/2005,Departure,21/09/2004
Krankesjön,2004/2005,Departure,22/09/2004
Krankesjön,2004/2005,Departure,22/09/2004
Krankesjön,2004/2005,Departure,22/09/2004
Krankesjön,2004/2005,Departure,22/09/2004
Krankesjön,2004/2005,Departure,3/09/2004
Krankesjön,2004/2005,Departure,5/04/2005
Krankesjön,2004/2005,Departure,7/10/2004
Krankesjön,2004/2005,Departure,2/04/2005
Krankesjön,2004/2005,Departure,6/10/2004
Krankesjön,2004/2005,Departure,7/10/2004
Krankesjön,2004/2005,Departure,6/10/2004
Krankesjön,2004/2005,Departure,27/09/2004
Krankesjön,2004/2005,Departure,9/09/2004
Krankesjön,2004/2005,Departure,5/04/2005
Krankesjön,2004/2005,Departure,22/09/2004
Krankesjön,2004/2005,Departure,10/01/2005
Krankesjön,2004/2005,Departure,7/10/2004
Krankesjön,2004/2005,Departure,28/09/2004
Krankesjön,2004/2005,Departure,3/10/2004
Krankesjön,2004/2005,Departure,14/09/2004
Krankesjön,2004/2005,Departure,28/09/2004
Krankesjön,2004/2005,Departure,30/09/2004
Krankesjön,2004/2005,Departure,21/09/2004
Krankesjön,2004/2005,Departure,24/09/2004
Krankesjön,2004/2005,Departure,3/09/2004
Krankesjön,2004/2005,Departure,30/09/2004
Krankesjön,2004/2005,Departure,29/09/2004
Krankesjön,2004/2005,Departure,3/09/2004
Krankesjön,2004/2005,Departure,14/11/2004
Krankesjön,2005/2006,Departure,4/04/2006
Krankesjön,2005/2006,Departure,15/10/2005
Krankesjön,2005/2006,Departure,5/11/2005
Krankesjön,2005/2006,Departure,18/10/2005
Krankesjön,2005/2006,Departure,16/10/2005
Krankesjön,2005/2006,Departure,19/10/2005
Krankesjön,2005/2006,Departure,11/10/2005
Krankesjön,2005/2006,Departure,16/10/2005
Krankesjön,2005/2006,Departure,13/10/2005
Krankesjön,2005/2006,Departure,15/10/2005
Krankesjön,2005/2006,Departure,13/10/2005
Krankesjön,2005/2006,Departure,13/10/2005
Krankesjön,2005/2006,Departure,13/10/2005
Krankesjön,2005/2006,Departure,4/10/2005
Krankesjön,2005/2006,Departure,10/10/2005
Krankesjön,2005/2006,Departure,2/10/2005
Krankesjön,2005/2006,Departure,18/10/2005
Krankesjön,2005/2006,Departure,2/10/2005
Krankesjön,2005/2006,Departure,3/10/2005
Krankesjön,2005/2006,Departure,2/10/2005
Krankesjön,2005/2006,Departure,20/09/2005
Krankesjön,2005/2006,Departure,5/04/2006
Krankesjön,2005/2006,Departure,4/04/2006
Krankesjön,2005/2006,Departure,4/04/2006
Krankesjön,2005/2006,Departure,3/04/2006
Krankesjön,2005/2006,Departure,17/10/2005
Krankesjön,2005/2006,Departure,11/10/2005
Krankesjön,2005/2006,Departure,21/09/2005
Krankesjön,2005/2006,Departure,21/10/2005
Krankesjön,2005/2006,Departure,3/10/2005
Krankesjön,2005/2006,Departure,3/10/2005
Krankesjön,2005/2006,Departure,3/10/2005
Krankesjön,2005/2006,Departure,2/10/2005
Krankesjön,2005/2006,Departure,13/12/2005
Krankesjön,2005/2006,Departure,13/12/2005
Krankesjön,2005/2006,Departure,17/11/2005
Krankesjön,2005/2006,Departure,16/11/2005
Krankesjön,2005/2006,Departure,18/10/2005
Krankesjön,2005/2006,Departure,11/10/2005
Krankesjön,2005/2006,Departure,20/10/2005
Krankesjön,2005/2006,Departure,21/10/2005
Krankesjön,2005/2006,Departure,21/10/2005
Krankesjön,2005/2006,Departure,4/10/2005
Krankesjön,2005/2006,Departure,13/10/2005
Krankesjön,2005/2006,Departure,10/10/2005
Krankesjön,2005/2006,Departure,13/10/2005
Krankesjön,2005/2006,Departure,3/10/2005
Krankesjön,2005/2006,Departure,11/10/2005
Krankesjön,2005/2006,Departure,4/10/2005
Krankesjön,2005/2006,Departure,2/10/2005
Krankesjön,2005/2006,Departure,27/09/2005
Krankesjön,2005/2006,Departure,21/09/2005
Krankesjön,2005/2006,Departure,18/10/2005
Krankesjön,2005/2006,Departure,11/10/2005
Krankesjön,2005/2006,Departure,15/10/2005
Krankesjön,2005/2006,Departure,12/10/2005
Krankesjön,2005/2006,Departure,4/10/2005
Krankesjön,2005/2006,Departure,2/10/2005
Krankesjön,2005/2006,Departure,29/09/2005
Krankesjön,2005/2006,Departure,4/10/2005
Krankesjön,2005/2006,Departure,20/10/2005
Krankesjön,2005/2006,Departure,15/10/2005
Krankesjön,2005/2006,Departure,11/10/2005
Krankesjön,2006/2007,Departure,14/03/2007
Krankesjön,2006/2007,Departure,27/03/2007
Krankesjön,2006/2007,Departure,26/03/2007
Krankesjön,2006/2007,Departure,14/03/2007
Krankesjön,2006/2007,Departure,5/03/2007
Krankesjön,2006/2007,Departure,30/03/2007
Krankesjön,2006/2007,Departure,13/03/2007
Krankesjön,2006/2007,Departure,13/03/2007
Krankesjön,2006/2007,Departure,15/03/2007
Krankesjön,2006/2007,Departure,13/03/2007
Krankesjön,2006/2007,Departure,16/12/2006
Krankesjön,2006/2007,Departure,18/02/2007
Krankesjön,2006/2007,Departure,12/03/2007
Krankesjön,2006/2007,Departure,16/02/2007
Krankesjön,2006/2007,Departure,9/01/2007
Krankesjön,2006/2007,Departure,8/01/2007
Krankesjön,2006/2007,Departure,8/01/2007
Krankesjön,2006/2007,Departure,9/01/2007
Krankesjön,2006/2007,Departure,10/01/2007
Krankesjön,2006/2007,Departure,8/01/2007
Krankesjön,2006/2007,Departure,15/12/2006
Krankesjön,2006/2007,Departure,14/12/2006
Krankesjön,2006/2007,Departure,14/12/2006
Krankesjön,2006/2007,Departure,21/10/2006
Krankesjön,2006/2007,Departure,10/11/2006
Krankesjön,2006/2007,Departure,22/10/2006
Krankesjön,2006/2007,Departure,25/10/2006
Krankesjön,2006/2007,Departure,18/10/2006
Krankesjön,2006/2007,Departure,14/10/2006
Krankesjön,2006/2007,Departure,23/03/2007
Krankesjön,2006/2007,Departure,21/03/2007
Krankesjön,2006/2007,Departure,25/03/2007
Krankesjön,2006/2007,Departure,25/03/2007
Krankesjön,2006/2007,Departure,30/03/2007
Krankesjön,2006/2007,Departure,28/03/2007
Krankesjön,2006/2007,Departure,25/03/2007
Krankesjön,2006/2007,Departure,12/03/2007
Krankesjön,2006/2007,Departure,13/03/2007
Krankesjön,2006/2007,Departure,15/12/2006
Krankesjön,2006/2007,Departure,15/12/2006
Krankesjön,2006/2007,Departure,18/02/2007
Krankesjön,2006/2007,Departure,12/03/2007
Krankesjön,2006/2007,Departure,21/03/2007
Krankesjön,2006/2007,Departure,18/02/2007
Krankesjön,2006/2007,Departure,12/03/2007
Krankesjön,2006/2007,Departure,11/03/2007
Krankesjön,2006/2007,Departure,9/01/2007
Krankesjön,2006/2007,Departure,9/01/2007
Krankesjön,2006/2007,Departure,14/10/2006
Krankesjön,2006/2007,Departure,15/12/2006
Krankesjön,2006/2007,Departure,10/11/2006
Krankesjön,2006/2007,Departure,18/10/2006
Krankesjön,2006/2007,Departure,11/11/2006
Krankesjön,2006/2007,Departure,24/11/2006
Krankesjön,2006/2007,Departure,23/11/2006
Krankesjön,2006/2007,Departure,9/01/2007
Krankesjön,2006/2007,Departure,24/11/2006
Krankesjön,2006/2007,Departure,11/11/2006
Krankesjön,2006/2007,Departure,3/11/2006
Krankesjön,2006/2007,Departure,22/10/2006
Krankesjön,2006/2007,Departure,27/10/2006
Krankesjön,2006/2007,Departure,25/10/2006
Krankesjön,2006/2007,Departure,19/10/2006
Krankesjön,2006/2007,Departure,13/03/2007
Krankesjön,2006/2007,Departure,1/04/2007
Krankesjön,2006/2007,Departure,28/10/2006
Krankesjön,2006/2007,Departure,25/10/2006
Krankesjön,2006/2007,Departure,25/10/2006
Krankesjön,2006/2007,Departure,27/11/2006
Krankesjön,2006/2007,Departure,12/03/2007
Krankesjön,2006/2007,Departure,15/12/2006
Krankesjön,2006/2007,Departure,15/12/2006
Krankesjön,2006/2007,Departure,3/11/2006
Krankesjön,2006/2007,Departure,9/01/2007
Krankesjön,2006/2007,Departure,9/01/2007
Krankesjön,2006/2007,Departure,9/01/2007
Krankesjön,2006/2007,Departure,25/10/2006
Krankesjön,2007/2008,Departure,14/01/2008
Krankesjön,2007/2008,Departure,13/01/2008
Krankesjön,2007/2008,Departure,14/12/2007
Krankesjön,2007/2008,Departure,1/12/2007
Krankesjön,2007/2008,Departure,9/11/2007
Krankesjön,2007/2008,Departure,29/09/2007
Krankesjön,2007/2008,Departure,2/10/2007
Krankesjön,2007/2008,Departure,1/10/2007
Krankesjön,2007/2008,Departure,26/09/2007
Krankesjön,2007/2008,Departure,14/09/2007
Krankesjön,2007/2008,Departure,4/09/2007
Krankesjön,2007/2008,Departure,14/09/2007
Krankesjön,2007/2008,Departure,16/09/2007
Krankesjön,2007/2008,Departure,12/09/2007
Krankesjön,2007/2008,Departure,2/09/2007
Krankesjön,2007/2008,Departure,7/09/2007
Krankesjön,2007/2008,Departure,27/12/2007
Krankesjön,2007/2008,Departure,14/12/2007
Krankesjön,2007/2008,Departure,13/01/2008
Krankesjön,2007/2008,Departure,3/09/2007
Krankesjön,2007/2008,Departure,14/12/2007
Krankesjön,2007/2008,Departure,2/01/2008
Krankesjön,2007/2008,Departure,8/12/2007
Krankesjön,2007/2008,Departure,15/12/2007
Krankesjön,2007/2008,Departure,13/12/2007
Krankesjön,2007/2008,Departure,31/08/2007
Krankesjön,2007/2008,Departure,12/11/2007
Krankesjön,2007/2008,Departure,6/09/2007
Krankesjön,2007/2008,Departure,27/09/2007
Krankesjön,2007/2008,Departure,25/09/2007
Krankesjön,2007/2008,Departure,19/09/2007
Krankesjön,2007/2008,Departure,23/09/2007
Krankesjön,2007/2008,Departure,16/09/2007
Krankesjön,2007/2008,Departure,4/09/2007
Krankesjön,2007/2008,Departure,29/09/2007
Krankesjön,2007/2008,Departure,6/09/2007
Krankesjön,2007/2008,Departure,19/09/2007
Krankesjön,2007/2008,Departure,4/09/2007
Krankesjön,2007/2008,Departure,14/09/2007
Krankesjön,2007/2008,Departure,7/09/2007
Krankesjön,2007/2008,Departure,7/09/2007
Krankesjön,2007/2008,Departure,4/09/2007
Krankesjön,2007/2008,Departure,4/09/2007
Krankesjön,2007/2008,Departure,1/09/2007
Krankesjön,2007/2008,Departure,1/11/2007
Krankesjön,2007/2008,Departure,25/09/2007
Krankesjön,2007/2008,Departure,13/09/2007
Krankesjön,2007/2008,Departure,6/09/2007
Krankesjön,2007/2008,Departure,7/11/2007
Krankesjön,2007/2008,Departure,15/12/2007
Krankesjön,2007/2008,Departure,14/12/2007
Krankesjön,2007/2008,Departure,12/12/2007
Krankesjön,2007/2008,Departure,17/10/2007
Krankesjön,2007/2008,Departure,4/10/2007
Krankesjön,2007/2008,Departure,27/09/2007
Krankesjön,2007/2008,Departure,9/09/2007
Krankesjön,2007/2008,Departure,13/01/2008
Krankesjön,2007/2008,Departure,14/12/2007
Krankesjön,2007/2008,Departure,15/09/2007
Krankesjön,2007/2008,Departure,15/12/2007
Krankesjön,2007/2008,Departure,14/12/2007
Krankesjön,2007/2008,Departure,7/11/2007
Krankesjön,2007/2008,Departure,20/11/2007
Krankesjön,2007/2008,Departure,1/10/2007
Krankesjön,2007/2008,Departure,18/09/2007
Krankesjön,2007/2008,Departure,1/11/2007
Krankesjön,2007/2008,Departure,2/11/2007
Krankesjön,2007/2008,Departure,17/10/2007
Krankesjön,2007/2008,Departure,5/09/2007
Krankesjön,2007/2008,Departure,19/09/2007
Krankesjön,2007/2008,Departure,15/09/2007
Krankesjön,2007/2008,Departure,7/09/2007
Krankesjön,2008/2009,Departure,14/09/2008
Krankesjön,2008/2009,Departure,15/09/2008
Krankesjön,2008/2009,Departure,20/11/2008
Krankesjön,2008/2009,Departure,21/11/2008
Krankesjön,2008/2009,Departure,5/11/2008
Krankesjön,2008/2009,Departure,23/09/2008
Krankesjön,2008/2009,Departure,24/09/2008
Krankesjön,2008/2009,Departure,15/09/2008
Krankesjön,2008/2009,Departure,21/11/2008
Krankesjön,2008/2009,Departure,19/11/2008
Krankesjön,2008/2009,Departure,20/11/2008
Krankesjön,2008/2009,Departure,14/11/2008
Krankesjön,2008/2009,Departure,21/11/2008
Krankesjön,2008/2009,Departure,15/09/2008
Krankesjön,2008/2009,Departure,16/09/2008
Krankesjön,2008/2009,Departure,19/11/2008
Krankesjön,2008/2009,Departure,19/11/2008
Krankesjön,2008/2009,Departure,20/11/2008
Krankesjön,2008/2009,Departure,17/09/2008
Krankesjön,2008/2009,Departure,24/09/2008
Krankesjön,2008/2009,Departure,21/11/2008
Krankesjön,2008/2009,Departure,13/10/2008
Krankesjön,2008/2009,Departure,21/09/2008
Krankesjön,2008/2009,Departure,14/09/2008
Krankesjön,2008/2009,Departure,16/09/2008
Krankesjön,2008/2009,Departure,15/09/2008
Krankesjön,2008/2009,Departure,21/09/2008
Krankesjön,2008/2009,Departure,15/09/2008
Krankesjön,2008/2009,Departure,19/11/2008
Krankesjön,2008/2009,Departure,13/10/2008
Krankesjön,2008/2009,Departure,5/01/2009
Krankesjön,2008/2009,Departure,23/09/2008
Krankesjön,2008/2009,Departure,27/10/2008
Krankesjön,2008/2009,Departure,16/09/2008
Krankesjön,2008/2009,Departure,24/09/2008
Krankesjön,2008/2009,Departure,15/09/2008
Krankesjön,2008/2009,Departure,15/09/2008
Krankesjön,2008/2009,Departure,25/09/2008
Krankesjön,2008/2009,Departure,23/09/2008
Krankesjön,2008/2009,Departure,21/11/2008
Krankesjön,2008/2009,Departure,14/09/2008
Krankesjön,2008/2009,Departure,15/09/2008
Krankesjön,2008/2009,Departure,15/09/2008
Krankesjön,2008/2009,Departure,20/11/2008
Krankesjön,2008/2009,Departure,3/11/2008
Krankesjön,2008/2009,Departure,27/10/2008
Krankesjön,2008/2009,Departure,25/09/2008
Krankesjön,2008/2009,Departure,20/11/2008
Krankesjön,2008/2009,Departure,20/11/2008
Krankesjön,2008/2009,Departure,20/11/2008
Krankesjön,2009/2010,Departure,26/03/2010
Krankesjön,2009/2010,Departure,31/12/2009
Krankesjön,2009/2010,Departure,20/12/2009
Krankesjön,2009/2010,Departure,11/11/2009
Krankesjön,2009/2010,Departure,7/12/2009
Krankesjön,2010/2011,Departure,10/04/2011
Krankesjön,2010/2011,Departure,24/09/2010
Krankesjön,2010/2011,Departure,28/09/2010
Krankesjön,2010/2011,Departure,18/09/2010
Krankesjön,2010/2011,Departure,19/09/2010
Krankesjön,2010/2011,Departure,30/09/2010
Krankesjön,2010/2011,Departure,30/09/2010
Krankesjön,2010/2011,Departure,27/09/2010
Krankesjön,2010/2011,Departure,19/09/2010
Krankesjön,2010/2011,Departure,21/10/2010
Krankesjön,2010/2011,Departure,28/09/2010
Krankesjön,2011/2012,Departure,3/12/2011
Krankesjön,2011/2012,Departure,17/10/2011
Krankesjön,2011/2012,Departure,3/12/2011
Krankesjön,2011/2012,Departure,25/09/2011
Krankesjön,2011/2012,Departure,3/12/2011
Krankesjön,2011/2012,Departure,3/12/2011
Krankesjön,2011/2012,Departure,4/12/2011
Krankesjön,2011/2012,Departure,3/12/2011
Krankesjön,2011/2012,Departure,13/10/2011
Krankesjön,2011/2012,Departure,12/10/2011
Krankesjön,2011/2012,Departure,13/10/2011
Krankesjön,2011/2012,Departure,19/09/2011
Krankesjön,2011/2012,Departure,19/09/2011
Krankesjön,2011/2012,Departure,16/09/2011
Krankesjön,2011/2012,Departure,20/09/2011
Krankesjön,2011/2012,Departure,19/09/2011
Krankesjön,2011/2012,Departure,31/03/2012
Krankesjön,2011/2012,Departure,19/09/2011
Krankesjön,2011/2012,Departure,9/10/2011
Krankesjön,2011/2012,Departure,31/03/2012
Krankesjön,2011/2012,Departure,12/03/2012
Krankesjön,2011/2012,Departure,9/10/2011
Krankesjön,2011/2012,Departure,25/03/2012
Krankesjön,2011/2012,Departure,24/03/2012
Krankesjön,2011/2012,Departure,14/12/2011
Krankesjön,2011/2012,Departure,25/09/2011
Krankesjön,2011/2012,Departure,19/03/2012
Krankesjön,2011/2012,Departure,3/03/2012
Krankesjön,2011/2012,Departure,23/03/2012
Krankesjön,2011/2012,Departure,13/03/2012
Krankesjön,2011/2012,Departure,22/09/2011
Krankesjön,2011/2012,Departure,3/03/2012
Krankesjön,2011/2012,Departure,2/03/2012
Krankesjön,2011/2012,Departure,3/12/2011
Krankesjön,2011/2012,Departure,2/03/2012
Krankesjön,2011/2012,Departure,4/12/2011
Krankesjön,2011/2012,Departure,4/12/2011
Krankesjön,2011/2012,Departure,4/12/2011
Krankesjön,2011/2012,Departure,4/12/2011
Krankesjön,2011/2012,Departure,4/12/2011
Krankesjön,2011/2012,Departure,10/12/2011
Krankesjön,2011/2012,Departure,7/12/2011
Krankesjön,2011/2012,Departure,3/12/2011
Krankesjön,2011/2012,Departure,2/01/2012
Krankesjön,2011/2012,Departure,3/12/2011
Krankesjön,2011/2012,Departure,3/12/2011
Krankesjön,2011/2012,Departure,3/12/2011
Krankesjön,2011/2012,Departure,16/09/2011
Krankesjön,2011/2012,Departure,7/12/2011
Krankesjön,2011/2012,Departure,5/12/2011
Krankesjön,2011/2012,Departure,3/12/2011
Krankesjön,2011/2012,Departure,3/12/2011
Krankesjön,2011/2012,Departure,8/12/2011
Krankesjön,2011/2012,Departure,18/09/2011
Krankesjön,2011/2012,Departure,3/12/2011
Krankesjön,2011/2012,Departure,5/12/2011
Krankesjön,2011/2012,Departure,20/09/2011
Krankesjön,2011/2012,Departure,14/11/2011
Krankesjön,2011/2012,Departure,11/10/2011
Krankesjön,2011/2012,Departure,13/10/2011
Krankesjön,2011/2012,Departure,10/10/2011
Krankesjön,2011/2012,Departure,13/10/2011
Krankesjön,2011/2012,Departure,13/10/2011
Krankesjön,2011/2012,Departure,9/10/2011
Krankesjön,2011/2012,Departure,13/10/2011
Krankesjön,2011/2012,Departure,21/09/2011
Krankesjön,2011/2012,Departure,10/10/2011
Krankesjön,2011/2012,Departure,13/10/2011
Krankesjön,2011/2012,Departure,17/09/2011
Krankesjön,2011/2012,Departure,17/09/2011
Krankesjön,2011/2012,Departure,17/09/2011
Krankesjön,2011/2012,Departure,17/09/2011
Krankesjön,2011/2012,Departure,16/09/2011
Krankesjön,2011/2012,Departure,15/09/2011
Krankesjön,2011/2012,Departure,19/09/2011
Krankesjön,2011/2012,Departure,13/09/2011
Krankesjön,2011/2012,Departure,12/09/2011
Krankesjön,2011/2012,Departure,9/10/2011
Krankesjön,2011/2012,Departure,10/10/2011
Krankesjön,2011/2012,Departure,9/10/2011
Krankesjön,2011/2012,Departure,9/10/2011
Krankesjön,2011/2012,Departure,5/12/2011
Krankesjön,2011/2012,Departure,17/09/2011
Krankesjön,2011/2012,Departure,20/09/2011
Krankesjön,2011/2012,Departure,15/09/2011
Krankesjön,2012/2013,Departure,7/09/2012
Krankesjön,2012/2013,Departure,12/04/2013
Krankesjön,2012/2013,Departure,25/11/2012
Krankesjön,2012/2013,Departure,22/09/2012
Krankesjön,2012/2013,Departure,25/11/2012
Krankesjön,2012/2013,Departure,21/11/2012
Krankesjön,2012/2013,Departure,25/11/2012
Krankesjön,2012/2013,Departure,10/09/2012
Krankesjön,2012/2013,Departure,30/09/2012
Krankesjön,2012/2013,Departure,20/11/2012
Krankesjön,2012/2013,Departure,20/11/2012
Krankesjön,2012/2013,Departure,20/11/2012
Krankesjön,2012/2013,Departure,6/09/2012
Krankesjön,2012/2013,Departure,15/11/2012
Krankesjön,2012/2013,Departure,8/09/2012
Krankesjön,2012/2013,Departure,11/11/2012
Krankesjön,2012/2013,Departure,7/09/2012
Krankesjön,2012/2013,Departure,17/09/2012
Krankesjön,2012/2013,Departure,2/01/2013
Krankesjön,2012/2013,Departure,16/09/2012
Krankesjön,2012/2013,Departure,8/09/2012
Krankesjön,2012/2013,Departure,7/09/2012
Krankesjön,2012/2013,Departure,7/09/2012
Krankesjön,2012/2013,Departure,31/08/2012
Krankesjön,2012/2013,Departure,18/10/2012
Krankesjön,2012/2013,Departure,28/08/2012
Krankesjön,2012/2013,Departure,25/11/2012
Krankesjön,2012/2013,Departure,28/08/2012
Krankesjön,2012/2013,Departure,20/10/2012
Krankesjön,2012/2013,Departure,7/09/2012
Krankesjön,2012/2013,Departure,21/01/2013
Krankesjön,2012/2013,Departure,28/08/2012
Krankesjön,2012/2013,Departure,15/08/2012
Krankesjön,2012/2013,Departure,17/09/2012
Krankesjön,2012/2013,Departure,10/08/2012
Krankesjön,2012/2013,Departure,23/11/2012
Krankesjön,2012/2013,Departure,20/11/2012
Krankesjön,2012/2013,Departure,20/11/2012
Krankesjön,2012/2013,Departure,16/09/2012
Krankesjön,2012/2013,Departure,20/11/2012
Krankesjön,2012/2013,Departure,28/08/2012
Krankesjön,2012/2013,Departure,28/08/2012
Krankesjön,2012/2013,Departure,9/08/2012
Krankesjön,2012/2013,Departure,20/10/2012
Krankesjön,2012/2013,Departure,22/10/2012
Krankesjön,2012/2013,Departure,29/09/2012
Krankesjön,2012/2013,Departure,10/09/2012
Krankesjön,2012/2013,Departure,10/09/2012
Krankesjön,2012/2013,Departure,9/09/2012
Krankesjön,2012/2013,Departure,6/09/2012
Krankesjön,2012/2013,Departure,6/09/2012
Krankesjön,2012/2013,Departure,1/09/2012
Krankesjön,2012/2013,Departure,28/08/2012
Krankesjön,2012/2013,Departure,7/09/2012
Krankesjön,2012/2013,Departure,9/08/2012
Krankesjön,2012/2013,Departure,9/08/2012
Krankesjön,2012/2013,Departure,9/08/2012
Krankesjön,2012/2013,Departure,9/08/2012
Krankesjön,2012/2013,Departure,9/08/2012
Krankesjön,2012/2013,Departure,9/08/2012
Krankesjön,2012/2013,Departure,11/08/2012
Krankesjön,2012/2013,Departure,11/09/2012
Krankesjön,2012/2013,Departure,6/09/2012
Krankesjön,2012/2013,Departure,16/09/2012
Krankesjön,2012/2013,Departure,24/09/2012
Krankesjön,2012/2013,Departure,9/08/2012
Krankesjön,2012/2013,Departure,5/11/2012
Krankesjön,2012/2013,Departure,9/08/2012
Krankesjön,2012/2013,Departure,28/08/2012
Krankesjön,2012/2013,Departure,23/11/2012
Krankesjön,2012/2013,Departure,6/09/2012
Krankesjön,2012/2013,Departure,9/08/2012
Krankesjön,2012/2013,Departure,28/08/2012
Krankesjön,2012/2013,Departure,9/08/2012
Krankesjön,2012/2013,Departure,9/08/2012
Krankesjön,2012/2013,Departure,10/08/2012
Krankesjön,2012/2013,Departure,23/10/2012
Krankesjön,2003/2004,Arrival,6/04/2004
Krankesjön,2003/2004,Arrival,12/04/2004
Krankesjön,2003/2004,Arrival,11/01/2004
Krankesjön,2003/2004,Arrival,10/04/2004
Krankesjön,2003/2004,Arrival,6/04/2004
Krankesjön,2003/2004,Arrival,20/01/2004
Krankesjön,2003/2004,Arrival,12/04/2004
Krankesjön,2003/2004,Arrival,10/04/2004
Krankesjön,2003/2004,Arrival,15/04/2004
Krankesjön,2003/2004,Arrival,18/04/2004
Krankesjön,2003/2004,Arrival,7/04/2004
Krankesjön,2003/2004,Arrival,11/04/2004
Krankesjön,2003/2004,Arrival,12/04/2004
Krankesjön,2003/2004,Arrival,12/04/2004
Krankesjön,2003/2004,Arrival,18/04/2004
Krankesjön,2003/2004,Arrival,13/04/2004
Krankesjön,2003/2004,Arrival,9/04/2004
Krankesjön,2003/2004,Arrival,11/04/2004
Krankesjön,2003/2004,Arrival,11/04/2004
Krankesjön,2003/2004,Arrival,12/04/2004
Krankesjön,2003/2004,Arrival,10/04/2004
Krankesjön,2003/2004,Arrival,16/04/2004
Krankesjön,2003/2004,Arrival,10/04/2004
Krankesjön,2003/2004,Arrival,17/04/2004
Krankesjön,2003/2004,Arrival,13/04/2004
Krankesjön,2003/2004,Arrival,19/04/2004
Krankesjön,2003/2004,Arrival,14/04/2004
Krankesjön,2003/2004,Arrival,23/12/2003
Krankesjön,2003/2004,Arrival,11/01/2004
Krankesjön,2003/2004,Arrival,11/01/2004
Krankesjön,2003/2004,Arrival,11/01/2004
Krankesjön,2003/2004,Arrival,20/01/2004
Krankesjön,2003/2004,Arrival,12/03/2004
Krankesjön,2003/2004,Arrival,13/04/2004
Krankesjön,2003/2004,Arrival,9/03/2004
Krankesjön,2003/2004,Arrival,9/03/2004
Krankesjön,2003/2004,Arrival,10/03/2004
Krankesjön,2003/2004,Arrival,7/04/2004
Krankesjön,2003/2004,Arrival,9/03/2004
Krankesjön,2003/2004,Arrival,9/03/2004
Krankesjön,2003/2004,Arrival,10/04/2004
Krankesjön,2003/2004,Arrival,11/04/2004
Krankesjön,2003/2004,Arrival,11/04/2004
Krankesjön,2003/2004,Arrival,11/04/2004
Krankesjön,2003/2004,Arrival,12/04/2004
Krankesjön,2003/2004,Arrival,12/04/2004
Krankesjön,2003/2004,Arrival,13/04/2004
Krankesjön,2003/2004,Arrival,13/04/2004
Krankesjön,2003/2004,Arrival,15/04/2004
Krankesjön,2003/2004,Arrival,15/04/2004
Krankesjön,2003/2004,Arrival,27/04/2004
Krankesjön,2003/2004,Arrival,13/04/2004
Krankesjön,2003/2004,Arrival,20/04/2004
Krankesjön,2003/2004,Arrival,29/03/2004
Krankesjön,2003/2004,Arrival,14/04/2004
Krankesjön,2003/2004,Arrival,9/03/2004
Krankesjön,2003/2004,Arrival,13/04/2004
Krankesjön,2003/2004,Arrival,13/04/2004
Krankesjön,2003/2004,Arrival,13/04/2004
Krankesjön,2003/2004,Arrival,12/04/2004
Krankesjön,2003/2004,Arrival,13/04/2004
Krankesjön,2003/2004,Arrival,14/04/2004
Krankesjön,2003/2004,Arrival,7/04/2004
Krankesjön,2003/2004,Arrival,13/04/2004
Krankesjön,2003/2004,Arrival,13/04/2004
Krankesjön,2003/2004,Arrival,14/04/2004
Krankesjön,2003/2004,Arrival,14/04/2004
Krankesjön,2003/2004,Arrival,14/04/2004
Krankesjön,2003/2004,Arrival,15/04/2004
Krankesjön,2003/2004,Arrival,16/04/2004
Krankesjön,2003/2004,Arrival,11/04/2004
Krankesjön,2003/2004,Arrival,12/04/2004
Krankesjön,2003/2004,Arrival,15/04/2004
Krankesjön,2003/2004,Arrival,15/04/2004
Krankesjön,2003/2004,Arrival,16/04/2004
Krankesjön,2003/2004,Arrival,16/04/2004
Krankesjön,2003/2004,Arrival,10/04/2004
Krankesjön,2003/2004,Arrival,16/04/2004
Krankesjön,2003/2004,Arrival,15/04/2004
Krankesjön,2003/2004,Arrival,20/04/2004
Krankesjön,2003/2004,Arrival,19/04/2004
Krankesjön,2003/2004,Arrival,19/04/2004
Krankesjön,2003/2004,Arrival,20/04/2004
Krankesjön,2003/2004,Arrival,2/05/2004
Krankesjön,2003/2004,Arrival,10/04/2004
Krankesjön,2003/2004,Arrival,4/05/2004
Krankesjön,2003/2004,Arrival,17/04/2004
Krankesjön,2003/2004,Arrival,28/04/2004
Krankesjön,2003/2004,Arrival,16/04/2004
Krankesjön,2003/2004,Arrival,2/05/2004
Krankesjön,2003/2004,Arrival,19/04/2004
Krankesjön,2003/2004,Arrival,27/04/2004
Krankesjön,2003/2004,Arrival,26/05/2004
Krankesjön,2004/2005,Arrival,15/02/2005
Krankesjön,2004/2005,Arrival,2/03/2005
Krankesjön,2004/2005,Arrival,3/03/2005
Krankesjön,2004/2005,Arrival,6/04/2005
Krankesjön,2004/2005,Arrival,19/03/2005
Krankesjön,2004/2005,Arrival,3/03/2005
Krankesjön,2004/2005,Arrival,3/02/2005
Krankesjön,2004/2005,Arrival,31/03/2005
Krankesjön,2004/2005,Arrival,8/04/2005
Krankesjön,2004/2005,Arrival,9/04/2005
Krankesjön,2004/2005,Arrival,11/04/2005
Krankesjön,2004/2005,Arrival,14/04/2005
Krankesjön,2004/2005,Arrival,4/02/2005
Krankesjön,2004/2005,Arrival,4/02/2005
Krankesjön,2004/2005,Arrival,4/02/2005
Krankesjön,2004/2005,Arrival,13/02/2005
Krankesjön,2004/2005,Arrival,8/04/2005
Krankesjön,2004/2005,Arrival,3/03/2005
Krankesjön,2004/2005,Arrival,9/04/2005
Krankesjön,2004/2005,Arrival,11/04/2005
Krankesjön,2004/2005,Arrival,12/04/2005
Krankesjön,2004/2005,Arrival,11/04/2005
Krankesjön,2004/2005,Arrival,7/04/2005
Krankesjön,2004/2005,Arrival,14/04/2005
Krankesjön,2004/2005,Arrival,12/04/2005
Krankesjön,2004/2005,Arrival,9/04/2005
Krankesjön,2004/2005,Arrival,14/04/2005
Krankesjön,2004/2005,Arrival,12/04/2005
Krankesjön,2004/2005,Arrival,11/04/2005
Krankesjön,2004/2005,Arrival,15/04/2005
Krankesjön,2004/2005,Arrival,14/04/2005
Krankesjön,2004/2005,Arrival,7/04/2005
Krankesjön,2004/2005,Arrival,10/04/2005
Krankesjön,2004/2005,Arrival,12/04/2005
Krankesjön,2004/2005,Arrival,8/04/2005
Krankesjön,2004/2005,Arrival,13/04/2005
Krankesjön,2004/2005,Arrival,30/04/2005
Krankesjön,2004/2005,Arrival,12/04/2005
Krankesjön,2004/2005,Arrival,10/04/2005
Krankesjön,2004/2005,Arrival,11/04/2005
Krankesjön,2004/2005,Arrival,9/04/2005
Krankesjön,2004/2005,Arrival,14/04/2005
Krankesjön,2004/2005,Arrival,24/04/2005
Krankesjön,2005/2006,Arrival,17/12/2005
Krankesjön,2005/2006,Arrival,17/12/2005
Krankesjön,2005/2006,Arrival,21/12/2005
Krankesjön,2005/2006,Arrival,27/12/2005
Krankesjön,2005/2006,Arrival,27/12/2005
Krankesjön,2005/2006,Arrival,23/12/2005
Krankesjön,2005/2006,Arrival,20/02/2006
Krankesjön,2005/2006,Arrival,25/04/2006
Krankesjön,2005/2006,Arrival,24/04/2006
Krankesjön,2005/2006,Arrival,22/04/2006
Krankesjön,2005/2006,Arrival,24/04/2006
Krankesjön,2005/2006,Arrival,25/04/2006
Krankesjön,2005/2006,Arrival,16/04/2006
Krankesjön,2005/2006,Arrival,20/04/2006
Krankesjön,2005/2006,Arrival,30/04/2006
Krankesjön,2005/2006,Arrival,4/05/2006
Krankesjön,2005/2006,Arrival,25/04/2006
Krankesjön,2005/2006,Arrival,25/04/2006
Krankesjön,2005/2006,Arrival,25/04/2006
Krankesjön,2005/2006,Arrival,15/04/2006
Krankesjön,2005/2006,Arrival,24/04/2006
Krankesjön,2005/2006,Arrival,17/04/2006
Krankesjön,2005/2006,Arrival,19/04/2006
Krankesjön,2005/2006,Arrival,18/04/2006
Krankesjön,2005/2006,Arrival,22/04/2006
Krankesjön,2005/2006,Arrival,15/04/2006
Krankesjön,2005/2006,Arrival,4/05/2006
Krankesjön,2005/2006,Arrival,24/04/2006
Krankesjön,2005/2006,Arrival,25/04/2006
Krankesjön,2005/2006,Arrival,30/04/2006
Krankesjön,2005/2006,Arrival,2/05/2006
Krankesjön,2005/2006,Arrival,4/05/2006
Krankesjön,2005/2006,Arrival,16/04/2006
Krankesjön,2005/2006,Arrival,25/04/2006
Krankesjön,2005/2006,Arrival,23/04/2006
Krankesjön,2005/2006,Arrival,16/04/2006
Krankesjön,2005/2006,Arrival,26/04/2006
Krankesjön,2005/2006,Arrival,15/04/2006
Krankesjön,2005/2006,Arrival,16/04/2006
Krankesjön,2005/2006,Arrival,22/04/2006
Krankesjön,2005/2006,Arrival,16/04/2006
Krankesjön,2005/2006,Arrival,15/04/2006
Krankesjön,2005/2006,Arrival,22/04/2006
Krankesjön,2005/2006,Arrival,17/04/2006
Krankesjön,2005/2006,Arrival,22/04/2006
Krankesjön,2005/2006,Arrival,22/04/2006
Krankesjön,2005/2006,Arrival,22/04/2006
Krankesjön,2005/2006,Arrival,22/04/2006
Krankesjön,2005/2006,Arrival,22/04/2006
Krankesjön,2005/2006,Arrival,22/04/2006
Krankesjön,2005/2006,Arrival,24/04/2006
Krankesjön,2005/2006,Arrival,25/04/2006
Krankesjön,2005/2006,Arrival,24/04/2006
Krankesjön,2005/2006,Arrival,24/04/2006
Krankesjön,2005/2006,Arrival,22/04/2006
Krankesjön,2005/2006,Arrival,24/04/2006
Krankesjön,2005/2006,Arrival,24/04/2006
Krankesjön,2005/2006,Arrival,25/04/2006
Krankesjön,2005/2006,Arrival,27/04/2006
Krankesjön,2005/2006,Arrival,28/04/2006
Krankesjön,2005/2006,Arrival,22/04/2006
Krankesjön,2005/2006,Arrival,28/04/2006
Krankesjön,2005/2006,Arrival,28/04/2006
Krankesjön,2005/2006,Arrival,4/05/2006
Krankesjön,2005/2006,Arrival,22/04/2006
Krankesjön,2005/2006,Arrival,25/04/2006
Krankesjön,2005/2006,Arrival,24/04/2006
Krankesjön,2005/2006,Arrival,25/04/2006
Krankesjön,2005/2006,Arrival,3/05/2006
Krankesjön,2005/2006,Arrival,1/05/2006
Krankesjön,2005/2006,Arrival,25/04/2006
Krankesjön,2005/2006,Arrival,19/04/2006
Krankesjön,2005/2006,Arrival,3/05/2006
Krankesjön,2005/2006,Arrival,25/04/2006
Krankesjön,2005/2006,Arrival,3/05/2006
Krankesjön,2005/2006,Arrival,6/05/2006
Krankesjön,2005/2006,Arrival,28/04/2006
Krankesjön,2005/2006,Arrival,22/04/2006
Krankesjön,2005/2006,Arrival,3/05/2006
Krankesjön,2005/2006,Arrival,25/04/2006
Krankesjön,2005/2006,Arrival,4/05/2006
Krankesjön,2005/2006,Arrival,15/04/2006
Krankesjön,2005/2006,Arrival,16/04/2006
Krankesjön,2005/2006,Arrival,22/04/2006
Krankesjön,2005/2006,Arrival,24/04/2006
Krankesjön,2005/2006,Arrival,24/04/2006
Krankesjön,2005/2006,Arrival,24/04/2006
Krankesjön,2005/2006,Arrival,23/04/2006
Krankesjön,2005/2006,Arrival,25/04/2006
Krankesjön,2005/2006,Arrival,23/04/2006
Krankesjön,2005/2006,Arrival,25/04/2006
Krankesjön,2005/2006,Arrival,28/04/2006
Krankesjön,2005/2006,Arrival,29/04/2006
Krankesjön,2005/2006,Arrival,1/05/2006
Krankesjön,2005/2006,Arrival,30/04/2006
Krankesjön,2005/2006,Arrival,4/05/2006
Krankesjön,2005/2006,Arrival,28/04/2006
Krankesjön,2006/2007,Arrival,29/03/2007
Krankesjön,2006/2007,Arrival,31/03/2007
Krankesjön,2006/2007,Arrival,29/03/2007
Krankesjön,2006/2007,Arrival,23/04/2007
Krankesjön,2006/2007,Arrival,11/04/2007
Krankesjön,2006/2007,Arrival,31/03/2007
Krankesjön,2006/2007,Arrival,31/03/2007
Krankesjön,2006/2007,Arrival,4/04/2007
Krankesjön,2006/2007,Arrival,7/04/2007
Krankesjön,2006/2007,Arrival,16/03/2007
Krankesjön,2006/2007,Arrival,1/04/2007
Krankesjön,2006/2007,Arrival,3/04/2007
Krankesjön,2006/2007,Arrival,23/04/2007
Krankesjön,2006/2007,Arrival,1/04/2007
Krankesjön,2006/2007,Arrival,26/03/2007
Krankesjön,2006/2007,Arrival,27/03/2007
Krankesjön,2006/2007,Arrival,10/04/2007
Krankesjön,2006/2007,Arrival,5/04/2007
Krankesjön,2006/2007,Arrival,31/03/2007
Krankesjön,2006/2007,Arrival,27/03/2007
Krankesjön,2006/2007,Arrival,27/03/2007
Krankesjön,2006/2007,Arrival,23/04/2007
Krankesjön,2006/2007,Arrival,27/03/2007
Krankesjön,2006/2007,Arrival,30/03/2007
Krankesjön,2006/2007,Arrival,11/04/2007
Krankesjön,2006/2007,Arrival,29/03/2007
Krankesjön,2006/2007,Arrival,22/04/2007
Krankesjön,2006/2007,Arrival,23/04/2007
Krankesjön,2006/2007,Arrival,5/04/2007
Krankesjön,2006/2007,Arrival,22/04/2007
Krankesjön,2006/2007,Arrival,10/04/2007
Krankesjön,2006/2007,Arrival,12/04/2007
Krankesjön,2006/2007,Arrival,21/04/2007
Krankesjön,2006/2007,Arrival,29/10/2006
Krankesjön,2006/2007,Arrival,4/04/2007
Krankesjön,2006/2007,Arrival,29/03/2007
Krankesjön,2006/2007,Arrival,26/03/2007
Krankesjön,2006/2007,Arrival,7/04/2007
Krankesjön,2006/2007,Arrival,1/04/2007
Krankesjön,2006/2007,Arrival,11/04/2007
Krankesjön,2006/2007,Arrival,11/04/2007
Krankesjön,2006/2007,Arrival,30/03/2007
Krankesjön,2006/2007,Arrival,9/04/2007
Krankesjön,2006/2007,Arrival,11/04/2007
Krankesjön,2006/2007,Arrival,21/04/2007
Krankesjön,2006/2007,Arrival,11/04/2007
Krankesjön,2006/2007,Arrival,9/04/2007
Krankesjön,2006/2007,Arrival,27/03/2007
Krankesjön,2007/2008,Arrival,7/04/2008
Krankesjön,2007/2008,Arrival,10/03/2008
Krankesjön,2007/2008,Arrival,14/04/2008
Krankesjön,2007/2008,Arrival,14/04/2008
Krankesjön,2007/2008,Arrival,14/04/2008
Krankesjön,2007/2008,Arrival,2/04/2008
Krankesjön,2007/2008,Arrival,22/04/2008
Krankesjön,2007/2008,Arrival,23/04/2008
Krankesjön,2007/2008,Arrival,23/04/2008
Krankesjön,2007/2008,Arrival,23/04/2008
Krankesjön,2007/2008,Arrival,25/04/2008
Krankesjön,2007/2008,Arrival,31/03/2008
Krankesjön,2007/2008,Arrival,31/03/2008
Krankesjön,2007/2008,Arrival,3/04/2008
Krankesjön,2007/2008,Arrival,3/04/2008
Krankesjön,2007/2008,Arrival,24/04/2008
Krankesjön,2007/2008,Arrival,12/04/2008
Krankesjön,2007/2008,Arrival,3/04/2008
Krankesjön,2007/2008,Arrival,22/04/2008
Krankesjön,2007/2008,Arrival,23/04/2008
Krankesjön,2007/2008,Arrival,31/03/2008
Krankesjön,2007/2008,Arrival,16/04/2008
Krankesjön,2007/2008,Arrival,20/04/2008
Krankesjön,2007/2008,Arrival,20/04/2008
Krankesjön,2007/2008,Arrival,24/04/2008
Krankesjön,2007/2008,Arrival,10/03/2008
Krankesjön,2007/2008,Arrival,23/04/2008
Krankesjön,2007/2008,Arrival,31/03/2008
Krankesjön,2007/2008,Arrival,1/04/2008
Krankesjön,2007/2008,Arrival,15/04/2008
Krankesjön,2007/2008,Arrival,19/04/2008
Krankesjön,2007/2008,Arrival,31/03/2008
Krankesjön,2007/2008,Arrival,3/04/2008
Krankesjön,2007/2008,Arrival,5/04/2008
Krankesjön,2007/2008,Arrival,20/04/2008
Krankesjön,2007/2008,Arrival,14/04/2008
Krankesjön,2007/2008,Arrival,25/04/2008
Krankesjön,2007/2008,Arrival,4/04/2008
Krankesjön,2007/2008,Arrival,23/04/2008
Krankesjön,2007/2008,Arrival,10/04/2008
Krankesjön,2007/2008,Arrival,21/04/2008
Krankesjön,2007/2008,Arrival,28/04/2008
Krankesjön,2007/2008,Arrival,21/04/2008
Krankesjön,2007/2008,Arrival,23/04/2008
Krankesjön,2007/2008,Arrival,24/04/2008
Krankesjön,2007/2008,Arrival,28/04/2008
Krankesjön,2007/2008,Arrival,25/04/2008
Krankesjön,2007/2008,Arrival,27/04/2008
Krankesjön,2007/2008,Arrival,24/04/2008
Krankesjön,2007/2008,Arrival,25/04/2008
Krankesjön,2007/2008,Arrival,23/04/2008
Krankesjön,2008/2009,Arrival,1/04/2009
Krankesjön,2008/2009,Arrival,8/04/2009
Krankesjön,2008/2009,Arrival,1/04/2009
Krankesjön,2008/2009,Arrival,26/04/2009
Krankesjön,2009/2010,Arrival,26/04/2010
Krankesjön,2009/2010,Arrival,19/12/2009
Krankesjön,2009/2010,Arrival,17/04/2010
Krankesjön,2009/2010,Arrival,26/04/2010
Krankesjön,2009/2010,Arrival,18/05/2010
Krankesjön,2009/2010,Arrival,29/04/2010
Krankesjön,2009/2010,Arrival,21/05/2010
Krankesjön,2009/2010,Arrival,28/04/2010
Krankesjön,2009/2010,Arrival,13/05/2010
Krankesjön,2009/2010,Arrival,25/04/2010
Krankesjön,2010/2011,Arrival,18/04/2011
Krankesjön,2010/2011,Arrival,17/04/2011
Krankesjön,2010/2011,Arrival,18/04/2011
Krankesjön,2010/2011,Arrival,18/04/2011
Krankesjön,2010/2011,Arrival,18/04/2011
Krankesjön,2010/2011,Arrival,10/04/2011
Krankesjön,2010/2011,Arrival,11/04/2011
Krankesjön,2010/2011,Arrival,15/04/2011
Krankesjön,2010/2011,Arrival,17/04/2011
Krankesjön,2010/2011,Arrival,17/04/2011
Krankesjön,2010/2011,Arrival,17/04/2011
Krankesjön,2010/2011,Arrival,17/04/2011
Krankesjön,2010/2011,Arrival,19/04/2011
Krankesjön,2010/2011,Arrival,18/04/2011
Krankesjön,2010/2011,Arrival,17/04/2011
Krankesjön,2010/2011,Arrival,8/12/2010
Krankesjön,2010/2011,Arrival,29/01/2011
Krankesjön,2010/2011,Arrival,10/04/2011
Krankesjön,2010/2011,Arrival,11/04/2011
Krankesjön,2010/2011,Arrival,19/04/2011
Krankesjön,2010/2011,Arrival,19/04/2011
Krankesjön,2010/2011,Arrival,20/04/2011
Krankesjön,2010/2011,Arrival,18/04/2011
Krankesjön,2010/2011,Arrival,18/04/2011
Krankesjön,2010/2011,Arrival,18/04/2011
Krankesjön,2010/2011,Arrival,11/04/2011
Krankesjön,2010/2011,Arrival,19/04/2011
Krankesjön,2010/2011,Arrival,18/04/2011
Krankesjön,2010/2011,Arrival,17/04/2011
Krankesjön,2010/2011,Arrival,19/04/2011
Krankesjön,2010/2011,Arrival,18/04/2011
Krankesjön,2010/2011,Arrival,9/04/2011
Krankesjön,2010/2011,Arrival,18/04/2011
Krankesjön,2010/2011,Arrival,10/04/2011
Krankesjön,2010/2011,Arrival,18/04/2011
Krankesjön,2010/2011,Arrival,17/04/2011
Krankesjön,2010/2011,Arrival,18/04/2011
Krankesjön,2010/2011,Arrival,10/04/2011
Krankesjön,2010/2011,Arrival,10/04/2011
Krankesjön,2010/2011,Arrival,15/04/2011
Krankesjön,2010/2011,Arrival,17/04/2011
Krankesjön,2010/2011,Arrival,16/04/2011
Krankesjön,2010/2011,Arrival,18/04/2011
Krankesjön,2010/2011,Arrival,18/04/2011
Krankesjön,2010/2011,Arrival,18/04/2011
Krankesjön,2010/2011,Arrival,18/04/2011
Krankesjön,2011/2012,Arrival,10/04/2012
Krankesjön,2011/2012,Arrival,20/11/2011
Krankesjön,2011/2012,Arrival,23/04/2012
Krankesjön,2011/2012,Arrival,31/01/2012
Krankesjön,2011/2012,Arrival,26/02/2012
Krankesjön,2011/2012,Arrival,12/04/2012
Krankesjön,2011/2012,Arrival,31/01/2012
Krankesjön,2011/2012,Arrival,3/03/2012
Krankesjön,2011/2012,Arrival,3/03/2012
Krankesjön,2011/2012,Arrival,13/03/2012
Krankesjön,2011/2012,Arrival,16/03/2012
Krankesjön,2011/2012,Arrival,23/03/2012
Krankesjön,2011/2012,Arrival,16/02/2012
Krankesjön,2011/2012,Arrival,29/03/2012
Krankesjön,2011/2012,Arrival,6/04/2012
Krankesjön,2011/2012,Arrival,10/04/2012
Krankesjön,2011/2012,Arrival,10/04/2012
Krankesjön,2011/2012,Arrival,11/04/2012
Krankesjön,2011/2012,Arrival,9/04/2012
Krankesjön,2011/2012,Arrival,11/04/2012
Krankesjön,2011/2012,Arrival,13/04/2012
Krankesjön,2011/2012,Arrival,12/04/2012
Krankesjön,2011/2012,Arrival,13/04/2012
Krankesjön,2011/2012,Arrival,23/04/2012
Krankesjön,2011/2012,Arrival,18/04/2012
Krankesjön,2011/2012,Arrival,20/04/2012
Krankesjön,2011/2012,Arrival,22/04/2012
Krankesjön,2011/2012,Arrival,14/04/2012
Krankesjön,2011/2012,Arrival,20/04/2012
Krankesjön,2011/2012,Arrival,22/04/2012
Krankesjön,2011/2012,Arrival,5/04/2012
Krankesjön,2011/2012,Arrival,13/04/2012
Krankesjön,2011/2012,Arrival,13/04/2012
Krankesjön,2011/2012,Arrival,4/05/2012
Krankesjön,2011/2012,Arrival,12/04/2012
Krankesjön,2011/2012,Arrival,21/04/2012
Krankesjön,2011/2012,Arrival,5/04/2012
Krankesjön,2011/2012,Arrival,25/03/2012
Krankesjön,2011/2012,Arrival,29/03/2012
Krankesjön,2011/2012,Arrival,12/04/2012
Krankesjön,2011/2012,Arrival,21/03/2012
Krankesjön,2011/2012,Arrival,25/03/2012
Krankesjön,2011/2012,Arrival,30/03/2012
Krankesjön,2011/2012,Arrival,3/04/2012
Krankesjön,2011/2012,Arrival,30/03/2012
Krankesjön,2011/2012,Arrival,27/03/2012
Krankesjön,2011/2012,Arrival,28/03/2012
Krankesjön,2011/2012,Arrival,13/04/2012
Krankesjön,2011/2012,Arrival,23/04/2012
Krankesjön,2011/2012,Arrival,13/04/2012
Krankesjön,2011/2012,Arrival,11/04/2012
Krankesjön,2011/2012,Arrival,13/04/2012
Krankesjön,2011/2012,Arrival,10/04/2012
Krankesjön,2011/2012,Arrival,10/04/2012
Krankesjön,2011/2012,Arrival,12/04/2012
Krankesjön,2011/2012,Arrival,12/04/2012
Krankesjön,2011/2012,Arrival,12/04/2012
Krankesjön,2011/2012,Arrival,13/04/2012
Krankesjön,2011/2012,Arrival,13/04/2012
Krankesjön,2011/2012,Arrival,10/04/2012
Krankesjön,2011/2012,Arrival,10/04/2012
Krankesjön,2011/2012,Arrival,12/04/2012
Krankesjön,2011/2012,Arrival,15/04/2012
Krankesjön,2011/2012,Arrival,10/04/2012
Krankesjön,2011/2012,Arrival,11/04/2012
Krankesjön,2011/2012,Arrival,14/04/2012
Krankesjön,2011/2012,Arrival,11/04/2012
Krankesjön,2011/2012,Arrival,12/04/2012
Krankesjön,2011/2012,Arrival,16/04/2012
Krankesjön,2011/2012,Arrival,12/04/2012
Krankesjön,2011/2012,Arrival,13/04/2012
Krankesjön,2011/2012,Arrival,12/04/2012
Krankesjön,2011/2012,Arrival,13/04/2012
Krankesjön,2011/2012,Arrival,24/04/2012
Krankesjön,2011/2012,Arrival,14/04/2012
Krankesjön,2011/2012,Arrival,14/04/2012
Krankesjön,2011/2012,Arrival,13/04/2012
Krankesjön,2011/2012,Arrival,14/04/2012
Krankesjön,2011/2012,Arrival,16/04/2012
Krankesjön,2011/2012,Arrival,21/04/2012
Krankesjön,2011/2012,Arrival,19/04/2012
Krankesjön,2011/2012,Arrival,13/04/2012
Krankesjön,2011/2012,Arrival,21/04/2012
Krankesjön,2011/2012,Arrival,13/06/2012
Krankesjön,2011/2012,Arrival,20/04/2012
Krankesjön,2011/2012,Arrival,23/04/2012
Krankesjön,2011/2012,Arrival,20/04/2012
Krankesjön,2011/2012,Arrival,19/04/2012
Krankesjön,2011/2012,Arrival,23/04/2012
Krankesjön,2011/2012,Arrival,13/04/2012
Krankesjön,2011/2012,Arrival,27/04/2012
Krankesjön,2011/2012,Arrival,25/04/2012
Krankesjön,2011/2012,Arrival,14/04/2012
Krankesjön,2011/2012,Arrival,21/04/2012
Krankesjön,2011/2012,Arrival,16/03/2012
Krankesjön,2011/2012,Arrival,12/04/2012
Krankesjön,2011/2012,Arrival,12/04/2012
Krankesjön,2011/2012,Arrival,12/04/2012
Krankesjön,2011/2012,Arrival,5/04/2012
Krankesjön,2011/2012,Arrival,17/10/2011
Sogård,2006/2007,Departure,23/12/2006
Sogård,2006/2007,Departure,23/11/2006
Sogård,2006/2007,Departure,24/11/2006
Sogård,2006/2007,Departure,23/11/2006
Sogård,2006/2007,Departure,21/11/2006
Sogård,2006/2007,Departure,22/11/2006
Sogård,2006/2007,Departure,4/11/2006
Sogård,2006/2007,Departure,26/10/2006
Sogård,2006/2007,Departure,7/10/2006
Sogård,2006/2007,Departure,7/10/2006
Sogård,2006/2007,Departure,19/08/2006
Sogård,2006/2007,Departure,19/08/2006
Sogård,2006/2007,Departure,19/08/2006
Sogård,2006/2007,Departure,27/10/2006
Sogård,2006/2007,Departure,23/11/2006
Sogård,2006/2007,Departure,22/11/2006
Sogård,2006/2007,Departure,14/03/2007
Sogård,2006/2007,Departure,22/11/2006
Sogård,2006/2007,Departure,22/11/2006
Sogård,2006/2007,Departure,2/12/2006
Sogård,2006/2007,Departure,23/11/2006
Sogård,2006/2007,Departure,25/11/2006
Sogård,2006/2007,Departure,26/11/2006
Sogård,2006/2007,Departure,18/12/2006
Sogård,2006/2007,Departure,24/11/2006
Sogård,2006/2007,Departure,25/11/2006
Sogård,2006/2007,Departure,25/11/2006
Sogård,2006/2007,Departure,23/11/2006
Sogård,2006/2007,Departure,22/11/2006
Sogård,2006/2007,Departure,22/11/2006
Sogård,2006/2007,Departure,22/11/2006
Sogård,2006/2007,Departure,21/11/2006
Sogård,2006/2007,Departure,25/11/2006
Sogård,2006/2007,Departure,25/11/2006
Sogård,2006/2007,Departure,25/10/2006
Sogård,2006/2007,Departure,26/10/2006
Sogård,2006/2007,Departure,19/08/2006
Sogård,2006/2007,Departure,16/08/2006
Sogård,2006/2007,Departure,22/11/2006
Sogård,2006/2007,Departure,22/11/2006
Sogård,2006/2007,Departure,23/11/2006
Sogård,2006/2007,Departure,30/10/2006
Sogård,2006/2007,Departure,22/11/2006
Sogård,2006/2007,Departure,27/10/2006
Sogård,2006/2007,Departure,17/12/2006
Sogård,2006/2007,Departure,23/11/2006
Sogård,2006/2007,Departure,18/08/2006
Sogård,2006/2007,Departure,20/08/2006
Sogård,2006/2007,Departure,12/08/2006
Sogård,2006/2007,Departure,22/11/2006
Sogård,2007/2008,Departure,9/11/2007
Sogård,2007/2008,Departure,31/10/2007
Sogård,2007/2008,Departure,2/11/2007
Sogård,2007/2008,Departure,27/10/2007
Sogård,2007/2008,Departure,27/10/2007
Sogård,2007/2008,Departure,27/10/2007
Sogård,2007/2008,Departure,1/08/2007
Sogård,2007/2008,Departure,3/08/2007
Sogård,2007/2008,Departure,1/08/2007
Sogård,2007/2008,Departure,1/08/2007
Sogård,2007/2008,Departure,6/11/2007
Sogård,2007/2008,Departure,27/08/2007
Sogård,2007/2008,Departure,2/08/2007
Sogård,2007/2008,Departure,1/08/2007
Sogård,2007/2008,Departure,30/09/2007
Sogård,2007/2008,Departure,21/09/2007
Sogård,2007/2008,Departure,10/08/2007
Sogård,2008/2009,Departure,10/04/2009
Sogård,2008/2009,Departure,15/11/2008
Sogård,2008/2009,Departure,1/11/2008
Sogård,2008/2009,Departure,1/11/2008
Sogård,2008/2009,Departure,5/09/2008
Sogård,2008/2009,Departure,23/08/2008
Sogård,2008/2009,Departure,10/08/2008
Sogård,2008/2009,Departure,5/04/2009
Sogård,2008/2009,Departure,1/11/2008
Sogård,2008/2009,Departure,2/11/2008
Sogård,2008/2009,Departure,1/11/2008
Sogård,2008/2009,Departure,1/11/2008
Sogård,2008/2009,Departure,1/11/2008
Sogård,2008/2009,Departure,2/11/2008
Sogård,2008/2009,Departure,2/11/2008
Sogård,2008/2009,Departure,1/11/2008
Sogård,2008/2009,Departure,7/09/2008
Sogård,2008/2009,Departure,6/09/2008
Sogård,2008/2009,Departure,22/08/2008
Sogård,2008/2009,Departure,7/09/2008
Sogård,2008/2009,Departure,25/10/2008
Sogård,2008/2009,Departure,4/11/2008
Sogård,2008/2009,Departure,22/10/2008
Sogård,2008/2009,Departure,7/09/2008
Sogård,2008/2009,Departure,1/11/2008
Sogård,2008/2009,Departure,2/11/2008
Sogård,2008/2009,Departure,23/08/2008
Sogård,2008/2009,Departure,22/08/2008
Sogård,2008/2009,Departure,21/08/2008
Sogård,2008/2009,Departure,8/08/2008
Sogård,2008/2009,Departure,1/11/2008
Sogård,2008/2009,Departure,2/11/2008
Sogård,2008/2009,Departure,7/09/2008
Sogård,2008/2009,Departure,1/11/2008
Sogård,2008/2009,Departure,2/11/2008
Sogård,2008/2009,Departure,1/11/2008
Sogård,2008/2009,Departure,8/08/2008
Sogård,2009/2010,Departure,17/12/2009
Sogård,2009/2010,Departure,6/11/2009
Sogård,2009/2010,Departure,31/10/2009
Sogård,2009/2010,Departure,25/10/2009
Sogård,2009/2010,Departure,6/11/2009
Sogård,2009/2010,Departure,10/11/2009
Sogård,2009/2010,Departure,31/10/2009
Sogård,2009/2010,Departure,3/11/2009
Sogård,2009/2010,Departure,6/11/2009
Sogård,2009/2010,Departure,31/10/2009
Sogård,2009/2010,Departure,1/11/2009
Sogård,2009/2010,Departure,1/11/2009
Sogård,2009/2010,Departure,21/09/2009
Sogård,2009/2010,Departure,6/11/2009
Sogård,2009/2010,Departure,7/11/2009
Sogård,2009/2010,Departure,1/11/2009
Sogård,2009/2010,Departure,10/11/2009
Sogård,2009/2010,Departure,7/11/2009
Sogård,2009/2010,Departure,10/11/2009
Sogård,2009/2010,Departure,17/12/2009
Sogård,2009/2010,Departure,1/11/2009
Sogård,2009/2010,Departure,2/11/2009
Sogård,2010/2011,Departure,7/02/2011
Sogård,2010/2011,Departure,5/02/2011
Sogård,2010/2011,Departure,5/02/2011
Sogård,2010/2011,Departure,7/02/2011
Sogård,2010/2011,Departure,6/02/2011
Sogård,2010/2011,Departure,6/02/2011
Sogård,2010/2011,Departure,5/02/2011
Sogård,2010/2011,Departure,5/02/2011
Sogård,2010/2011,Departure,5/02/2011
Sogård,2010/2011,Departure,16/11/2010
Sogård,2010/2011,Departure,6/11/2010
Sogård,2010/2011,Departure,27/10/2010
Sogård,2010/2011,Departure,28/10/2010
Sogård,2010/2011,Departure,24/09/2010
Sogård,2010/2011,Departure,26/10/2010
Sogård,2010/2011,Departure,19/09/2010
Sogård,2010/2011,Departure,17/09/2010
Sogård,2010/2011,Departure,24/09/2010
Sogård,2010/2011,Departure,22/09/2010
Sogård,2010/2011,Departure,22/09/2010
Sogård,2010/2011,Departure,22/09/2010
Sogård,2010/2011,Departure,21/09/2010
Sogård,2010/2011,Departure,27/08/2010
Sogård,2010/2011,Departure,16/09/2010
Sogård,2010/2011,Departure,17/09/2010
Sogård,2010/2011,Departure,18/09/2010
Sogård,2010/2011,Departure,17/09/2010
Sogård,2010/2011,Departure,17/09/2010
Sogård,2010/2011,Departure,12/09/2010
Sogård,2010/2011,Departure,17/09/2010
Sogård,2010/2011,Departure,14/09/2010
Sogård,2010/2011,Departure,17/09/2010
Sogård,2010/2011,Departure,2/04/2011
Sogård,2010/2011,Departure,5/02/2011
Sogård,2010/2011,Departure,5/02/2011
Sogård,2010/2011,Departure,5/02/2011
Sogård,2010/2011,Departure,6/02/2011
Sogård,2010/2011,Departure,5/02/2011
Sogård,2010/2011,Departure,31/10/2010
Sogård,2010/2011,Departure,19/09/2010
Sogård,2010/2011,Departure,14/11/2010
Sogård,2010/2011,Departure,23/09/2010
Sogård,2010/2011,Departure,20/09/2010
Sogård,2010/2011,Departure,19/09/2010
Sogård,2010/2011,Departure,17/09/2010
Sogård,2010/2011,Departure,22/09/2010
Sogård,2010/2011,Departure,25/09/2010
Sogård,2010/2011,Departure,23/09/2010
Sogård,2010/2011,Departure,16/09/2010
Sogård,2010/2011,Departure,21/09/2010
Sogård,2010/2011,Departure,17/09/2010
Sogård,2010/2011,Departure,17/09/2010
Sogård,2010/2011,Departure,18/09/2010
Sogård,2010/2011,Departure,17/09/2010
Sogård,2010/2011,Departure,19/09/2010
Sogård,2010/2011,Departure,7/09/2010
Sogård,2010/2011,Departure,7/02/2011
Sogård,2010/2011,Departure,30/10/2010
Sogård,2010/2011,Departure,23/09/2010
Sogård,2010/2011,Departure,16/09/2010
Sogård,2010/2011,Departure,6/02/2011
Sogård,2010/2011,Departure,19/09/2010
Sogård,2010/2011,Departure,13/03/2011
Sogård,2010/2011,Departure,6/02/2011
Sogård,2010/2011,Departure,18/09/2010
Sogård,2010/2011,Departure,5/02/2011
Sogård,2010/2011,Departure,6/02/2011
Sogård,2010/2011,Departure,6/02/2011
Sogård,2010/2011,Departure,6/02/2011
Sogård,2010/2011,Departure,13/11/2010
Sogård,2010/2011,Departure,31/10/2010
Sogård,2010/2011,Departure,29/10/2010
Sogård,2010/2011,Departure,19/09/2010
Sogård,2010/2011,Departure,15/09/2010
Sogård,2010/2011,Departure,18/09/2010
Sogård,2010/2011,Departure,17/09/2010
Sogård,2010/2011,Departure,14/09/2010
Sogård,2010/2011,Departure,18/09/2010
Sogård,2010/2011,Departure,17/08/2010
Sogård,2010/2011,Departure,21/09/2010
Sogård,2010/2011,Departure,22/09/2010
Sogård,2011/2012,Departure,19/01/2012
Sogård,2011/2012,Departure,23/02/2012
Sogård,2011/2012,Departure,18/01/2012
Sogård,2011/2012,Departure,20/01/2012
Sogård,2011/2012,Departure,18/01/2012
Sogård,2011/2012,Departure,18/01/2012
Sogård,2011/2012,Departure,19/01/2012
Sogård,2011/2012,Departure,18/01/2012
Sogård,2011/2012,Departure,18/01/2012
Sogård,2011/2012,Departure,20/01/2012
Sogård,2011/2012,Departure,18/01/2012
Sogård,2011/2012,Departure,18/01/2012
Sogård,2011/2012,Departure,18/01/2012
Sogård,2011/2012,Departure,18/01/2012
Sogård,2011/2012,Departure,18/01/2012
Sogård,2011/2012,Departure,18/01/2012
Sogård,2011/2012,Departure,18/01/2012
Sogård,2011/2012,Departure,14/01/2012
Sogård,2011/2012,Departure,18/01/2012
Sogård,2011/2012,Departure,14/01/2012
Sogård,2011/2012,Departure,25/10/2011
Sogård,2011/2012,Departure,29/09/2011
Sogård,2011/2012,Departure,12/08/2011
Sogård,2011/2012,Departure,12/08/2011
Sogård,2011/2012,Departure,23/08/2011
Sogård,2011/2012,Departure,13/08/2011
Sogård,2011/2012,Departure,13/08/2011
Sogård,2011/2012,Departure,12/08/2011
Sogård,2011/2012,Departure,13/08/2011
Sogård,2011/2012,Departure,12/08/2011
Sogård,2011/2012,Departure,12/08/2011
Sogård,2011/2012,Departure,12/08/2011
Sogård,2011/2012,Departure,12/08/2011
Sogård,2011/2012,Departure,12/08/2011
Sogård,2011/2012,Departure,12/08/2011
Sogård,2011/2012,Departure,12/08/2011
Sogård,2011/2012,Departure,23/02/2012
Sogård,2011/2012,Departure,18/01/2012
Sogård,2011/2012,Departure,18/01/2012
Sogård,2011/2012,Departure,4/12/2011
Sogård,2011/2012,Departure,23/02/2012
Sogård,2011/2012,Departure,19/01/2012
Sogård,2011/2012,Departure,23/02/2012
Sogård,2011/2012,Departure,18/01/2012
Sogård,2011/2012,Departure,18/01/2012
Sogård,2011/2012,Departure,18/01/2012
Sogård,2011/2012,Departure,23/02/2012
Sogård,2011/2012,Departure,18/01/2012
Sogård,2011/2012,Departure,19/01/2012
Sogård,2011/2012,Departure,18/01/2012
Sogård,2011/2012,Departure,18/01/2012
Sogård,2011/2012,Departure,18/01/2012
Sogård,2011/2012,Departure,18/01/2012
Sogård,2011/2012,Departure,19/01/2012
Sogård,2011/2012,Departure,18/01/2012
Sogård,2011/2012,Departure,19/01/2012
Sogård,2011/2012,Departure,14/01/2012
Sogård,2011/2012,Departure,18/01/2012
Sogård,2011/2012,Departure,18/01/2012
Sogård,2011/2012,Departure,12/08/2011
Sogård,2011/2012,Departure,23/09/2011
Sogård,2011/2012,Departure,15/08/2011
Sogård,2011/2012,Departure,12/08/2011
Sogård,2011/2012,Departure,12/08/2011
Sogård,2011/2012,Departure,12/08/2011
Sogård,2011/2012,Departure,12/08/2011
Sogård,2011/2012,Departure,14/08/2011
Sogård,2011/2012,Departure,18/08/2011
Sogård,2011/2012,Departure,13/08/2011
Sogård,2011/2012,Departure,11/08/2011
Sogård,2011/2012,Departure,13/08/2011
Sogård,2011/2012,Departure,18/01/2012
Sogård,2011/2012,Departure,10/08/2011
Sogård,2011/2012,Departure,18/01/2012
Sogård,2011/2012,Departure,18/01/2012
Sogård,2011/2012,Departure,18/01/2012
Sogård,2011/2012,Departure,18/01/2012
Sogård,2011/2012,Departure,19/01/2012
Sogård,2011/2012,Departure,18/01/2012
Sogård,2011/2012,Departure,18/01/2012
Sogård,2011/2012,Departure,18/01/2012
Sogård,2011/2012,Departure,18/01/2012
Sogård,2011/2012,Departure,18/01/2012
Sogård,2011/2012,Departure,18/01/2012
Sogård,2011/2012,Departure,26/10/2011
Sogård,2011/2012,Departure,13/08/2011
Sogård,2011/2012,Departure,16/08/2011
Sogård,2011/2012,Departure,12/08/2011
Sogård,2011/2012,Departure,9/08/2011
Sogård,2011/2012,Departure,13/08/2011
Sogård,2012/2013,Departure,6/08/2012
Sogård,2012/2013,Departure,5/08/2012
Sogård,2012/2013,Departure,29/10/2012
Sogård,2012/2013,Departure,3/08/2012
Sogård,2012/2013,Departure,23/09/2012
Sogård,2012/2013,Departure,11/08/2012
Sogård,2012/2013,Departure,7/08/2012
Sogård,2012/2013,Departure,7/08/2012
Sogård,2012/2013,Departure,29/10/2012
Sogård,2012/2013,Departure,30/10/2012
Sogård,2012/2013,Departure,3/11/2012
Sogård,2012/2013,Departure,29/10/2012
Sogård,2012/2013,Departure,7/08/2012
Sogård,2012/2013,Departure,29/10/2012
Sogård,2012/2013,Departure,29/10/2012
Sogård,2012/2013,Departure,29/10/2012
Sogård,2012/2013,Departure,7/08/2012
Sogård,2012/2013,Departure,6/08/2012
Sogård,2012/2013,Departure,7/08/2012
Sogård,2012/2013,Departure,29/10/2012
Sogård,2012/2013,Departure,27/12/2012
Sogård,2012/2013,Departure,9/08/2012
Sogård,2012/2013,Departure,22/10/2012
Sogård,2012/2013,Departure,6/08/2012
Sogård,2012/2013,Departure,29/10/2012
Sogård,2012/2013,Departure,29/10/2012
Sogård,2012/2013,Departure,29/10/2012
Sogård,2012/2013,Departure,29/10/2012
Sogård,2012/2013,Departure,7/08/2012
Sogård,2012/2013,Departure,7/08/2012
Sogård,2012/2013,Departure,6/08/2012
Sogård,2012/2013,Departure,25/10/2012
Sogård,2012/2013,Departure,7/08/2012
Sogård,2012/2013,Departure,7/08/2012
Sogård,2012/2013,Departure,6/08/2012
Sogård,2012/2013,Departure,6/08/2012
Sogård,2012/2013,Departure,5/08/2012
Sogård,2012/2013,Departure,7/08/2012
Sogård,2012/2013,Departure,7/08/2012
Sogård,2005/2006,Arrival,3/05/2006
Sogård,2005/2006,Arrival,28/04/2006
Sogård,2005/2006,Arrival,25/04/2006
Sogård,2005/2006,Arrival,26/04/2006
Sogård,2005/2006,Arrival,26/04/2006
Sogård,2005/2006,Arrival,11/05/2006
Sogård,2005/2006,Arrival,3/05/2006
Sogård,2005/2006,Arrival,26/04/2006
Sogård,2005/2006,Arrival,27/04/2006
Sogård,2005/2006,Arrival,24/04/2006
Sogård,2005/2006,Arrival,2/05/2006
Sogård,2005/2006,Arrival,25/04/2006
Sogård,2005/2006,Arrival,25/04/2006
Sogård,2005/2006,Arrival,26/04/2006
Sogård,2005/2006,Arrival,26/04/2006
Sogård,2005/2006,Arrival,26/04/2006
Sogård,2005/2006,Arrival,26/04/2006
Sogård,2005/2006,Arrival,27/04/2006
Sogård,2005/2006,Arrival,27/04/2006
Sogård,2005/2006,Arrival,27/04/2006
Sogård,2005/2006,Arrival,27/04/2006
Sogård,2005/2006,Arrival,27/04/2006
Sogård,2005/2006,Arrival,26/04/2006
Sogård,2005/2006,Arrival,27/04/2006
Sogård,2005/2006,Arrival,28/04/2006
Sogård,2005/2006,Arrival,28/04/2006
Sogård,2005/2006,Arrival,28/04/2006
Sogård,2005/2006,Arrival,28/04/2006
Sogård,2005/2006,Arrival,29/04/2006
Sogård,2005/2006,Arrival,5/05/2006
Sogård,2005/2006,Arrival,30/04/2006
Sogård,2005/2006,Arrival,4/05/2006
Sogård,2005/2006,Arrival,3/05/2006
Sogård,2005/2006,Arrival,4/05/2006
Sogård,2005/2006,Arrival,3/05/2006
Sogård,2005/2006,Arrival,4/05/2006
Sogård,2005/2006,Arrival,5/05/2006
Sogård,2005/2006,Arrival,4/05/2006
Sogård,2005/2006,Arrival,4/05/2006
Sogård,2005/2006,Arrival,6/05/2006
Sogård,2005/2006,Arrival,6/05/2006
Sogård,2005/2006,Arrival,5/05/2006
Sogård,2005/2006,Arrival,6/05/2006
Sogård,2005/2006,Arrival,1/05/2006
Sogård,2005/2006,Arrival,8/05/2006
Sogård,2005/2006,Arrival,8/05/2006
Sogård,2005/2006,Arrival,8/05/2006
Sogård,2005/2006,Arrival,25/04/2006
Sogård,2005/2006,Arrival,8/05/2006
Sogård,2005/2006,Arrival,9/05/2006
Sogård,2005/2006,Arrival,26/04/2006
Sogård,2005/2006,Arrival,26/04/2006
Sogård,2005/2006,Arrival,10/05/2006
Sogård,2005/2006,Arrival,10/05/2006
Sogård,2005/2006,Arrival,10/05/2006
Sogård,2005/2006,Arrival,30/04/2006
Sogård,2005/2006,Arrival,7/05/2006
Sogård,2005/2006,Arrival,2/05/2006
Sogård,2005/2006,Arrival,6/05/2006
Sogård,2005/2006,Arrival,21/05/2006
Sogård,2005/2006,Arrival,21/05/2006
Sogård,2005/2006,Arrival,9/05/2006
Sogård,2006/2007,Arrival,11/04/2007
Sogård,2006/2007,Arrival,14/04/2007
Sogård,2006/2007,Arrival,14/04/2007
Sogård,2006/2007,Arrival,22/04/2007
Sogård,2006/2007,Arrival,6/04/2007
Sogård,2006/2007,Arrival,12/04/2007
Sogård,2006/2007,Arrival,16/04/2007
Sogård,2006/2007,Arrival,11/04/2007
Sogård,2006/2007,Arrival,13/04/2007
Sogård,2006/2007,Arrival,12/04/2007
Sogård,2006/2007,Arrival,12/04/2007
Sogård,2006/2007,Arrival,15/04/2007
Sogård,2006/2007,Arrival,14/04/2007
Sogård,2006/2007,Arrival,14/04/2007
Sogård,2006/2007,Arrival,12/04/2007
Sogård,2006/2007,Arrival,12/04/2007
Sogård,2006/2007,Arrival,1/05/2007
Sogård,2006/2007,Arrival,12/04/2007
Sogård,2006/2007,Arrival,12/04/2007
Sogård,2006/2007,Arrival,12/04/2007
Sogård,2006/2007,Arrival,11/04/2007
Sogård,2006/2007,Arrival,11/04/2007
Sogård,2006/2007,Arrival,12/04/2007
Sogård,2006/2007,Arrival,12/04/2007
Sogård,2006/2007,Arrival,22/04/2007
Sogård,2006/2007,Arrival,12/04/2007
Sogård,2006/2007,Arrival,22/04/2007
Sogård,2006/2007,Arrival,23/04/2007
Sogård,2006/2007,Arrival,12/04/2007
Sogård,2006/2007,Arrival,3/05/2007
Sogård,2007/2008,Arrival,10/02/2008
Sogård,2007/2008,Arrival,23/04/2008
Sogård,2007/2008,Arrival,23/04/2008
Sogård,2007/2008,Arrival,23/04/2008
Sogård,2007/2008,Arrival,24/04/2008
Sogård,2007/2008,Arrival,25/04/2008
Sogård,2007/2008,Arrival,28/04/2008
Sogård,2007/2008,Arrival,24/04/2008
Sogård,2007/2008,Arrival,28/04/2008
Sogård,2007/2008,Arrival,27/04/2008
Sogård,2007/2008,Arrival,28/04/2008
Sogård,2007/2008,Arrival,28/04/2008
Sogård,2007/2008,Arrival,27/04/2008
Sogård,2007/2008,Arrival,28/04/2008
Sogård,2007/2008,Arrival,23/04/2008
Sogård,2007/2008,Arrival,27/04/2008
Sogård,2007/2008,Arrival,24/04/2008
Sogård,2007/2008,Arrival,27/04/2008
Sogård,2007/2008,Arrival,3/05/2008
Sogård,2007/2008,Arrival,28/04/2008
Sogård,2007/2008,Arrival,25/04/2008
Sogård,2007/2008,Arrival,2/05/2008
Sogård,2007/2008,Arrival,26/04/2008
Sogård,2007/2008,Arrival,26/04/2008
Sogård,2007/2008,Arrival,26/04/2008
Sogård,2007/2008,Arrival,26/04/2008
Sogård,2007/2008,Arrival,27/04/2008
Sogård,2007/2008,Arrival,27/04/2008
Sogård,2007/2008,Arrival,28/04/2008
Sogård,2007/2008,Arrival,28/04/2008
Sogård,2007/2008,Arrival,27/04/2008
Sogård,2007/2008,Arrival,28/04/2008
Sogård,2007/2008,Arrival,27/04/2008
Sogård,2007/2008,Arrival,27/04/2008
Sogård,2007/2008,Arrival,28/04/2008
Sogård,2007/2008,Arrival,27/04/2008
Sogård,2007/2008,Arrival,30/04/2008
Sogård,2007/2008,Arrival,30/04/2008
Sogård,2007/2008,Arrival,2/05/2008
Sogård,2007/2008,Arrival,2/05/2008
Sogård,2007/2008,Arrival,10/05/2008
Sogård,2007/2008,Arrival,4/05/2008
Sogård,2007/2008,Arrival,5/05/2008
Sogård,2007/2008,Arrival,25/05/2008
Sogård,2007/2008,Arrival,28/04/2008
Sogård,2008/2009,Arrival,14/04/2009
Sogård,2008/2009,Arrival,10/03/2009
Sogård,2008/2009,Arrival,11/04/2009
Sogård,2008/2009,Arrival,12/04/2009
Sogård,2008/2009,Arrival,12/04/2009
Sogård,2008/2009,Arrival,13/04/2009
Sogård,2008/2009,Arrival,13/04/2009
Sogård,2008/2009,Arrival,13/04/2009
Sogård,2008/2009,Arrival,13/04/2009
Sogård,2008/2009,Arrival,13/04/2009
Sogård,2008/2009,Arrival,15/04/2009
Sogård,2008/2009,Arrival,17/04/2009
Sogård,2008/2009,Arrival,19/04/2009
Sogård,2008/2009,Arrival,20/04/2009
Sogård,2008/2009,Arrival,17/04/2009
Sogård,2008/2009,Arrival,18/04/2009
Sogård,2008/2009,Arrival,19/04/2009
Sogård,2008/2009,Arrival,20/04/2009
Sogård,2008/2009,Arrival,20/04/2009
Sogård,2008/2009,Arrival,13/04/2009
Sogård,2008/2009,Arrival,17/04/2009
Sogård,2008/2009,Arrival,18/04/2009
Sogård,2008/2009,Arrival,25/04/2009
Sogård,2009/2010,Arrival,23/04/2010
Sogård,2009/2010,Arrival,15/04/2010
Sogård,2009/2010,Arrival,18/04/2010
Sogård,2009/2010,Arrival,23/04/2010
Sogård,2009/2010,Arrival,23/04/2010
Sogård,2009/2010,Arrival,24/04/2010
Sogård,2009/2010,Arrival,23/04/2010
Sogård,2009/2010,Arrival,27/04/2010
Sogård,2009/2010,Arrival,26/04/2010
Sogård,2009/2010,Arrival,25/04/2010
Sogård,2009/2010,Arrival,28/04/2010
Sogård,2009/2010,Arrival,30/04/2010
Sogård,2009/2010,Arrival,16/05/2010
Sogård,2009/2010,Arrival,5/01/2010
Sogård,2009/2010,Arrival,30/04/2010
Sogård,2009/2010,Arrival,25/04/2010
Sogård,2009/2010,Arrival,26/04/2010
Sogård,2009/2010,Arrival,29/04/2010
Sogård,2009/2010,Arrival,23/04/2010
Sogård,2009/2010,Arrival,21/03/2010
Sogård,2009/2010,Arrival,30/04/2010
Sogård,2009/2010,Arrival,24/03/2010
Sogård,2009/2010,Arrival,21/03/2010
Sogård,2009/2010,Arrival,22/03/2010
Sogård,2009/2010,Arrival,24/04/2010
Sogård,2009/2010,Arrival,22/03/2010
Sogård,2009/2010,Arrival,25/04/2010
Sogård,2009/2010,Arrival,24/04/2010
Sogård,2009/2010,Arrival,22/04/2010
Sogård,2009/2010,Arrival,23/04/2010
Sogård,2009/2010,Arrival,23/04/2010
Sogård,2009/2010,Arrival,17/05/2010
Sogård,2009/2010,Arrival,18/04/2010
Sogård,2009/2010,Arrival,16/04/2010
Sogård,2009/2010,Arrival,30/04/2010
Sogård,2009/2010,Arrival,18/04/2010
Sogård,2009/2010,Arrival,23/04/2010
Sogård,2009/2010,Arrival,17/04/2010
Sogård,2009/2010,Arrival,18/04/2010
Sogård,2009/2010,Arrival,23/04/2010
Sogård,2009/2010,Arrival,23/04/2010
Sogård,2009/2010,Arrival,25/04/2010
Sogård,2009/2010,Arrival,24/04/2010
Sogård,2009/2010,Arrival,27/04/2010
Sogård,2009/2010,Arrival,26/04/2010
Sogård,2009/2010,Arrival,27/04/2010
Sogård,2009/2010,Arrival,28/04/2010
Sogård,2009/2010,Arrival,23/04/2010
Sogård,2009/2010,Arrival,29/04/2010
Sogård,2009/2010,Arrival,27/04/2010
Sogård,2009/2010,Arrival,27/04/2010
Sogård,2009/2010,Arrival,23/04/2010
Sogård,2009/2010,Arrival,28/04/2010
Sogård,2009/2010,Arrival,29/04/2010
Sogård,2009/2010,Arrival,25/04/2010
Sogård,2009/2010,Arrival,28/04/2010
Sogård,2009/2010,Arrival,27/04/2010
Sogård,2009/2010,Arrival,29/04/2010
Sogård,2009/2010,Arrival,28/04/2010
Sogård,2009/2010,Arrival,28/04/2010
Sogård,2009/2010,Arrival,28/04/2010
Sogård,2009/2010,Arrival,28/04/2010
Sogård,2009/2010,Arrival,18/04/2010
Sogård,2009/2010,Arrival,23/04/2010
Sogård,2009/2010,Arrival,29/04/2010
Sogård,2009/2010,Arrival,24/04/2010
Sogård,2009/2010,Arrival,28/04/2010
Sogård,2009/2010,Arrival,28/04/2010
Sogård,2009/2010,Arrival,16/05/2010
Sogård,2009/2010,Arrival,17/05/2010
Sogård,2009/2010,Arrival,16/05/2010
Sogård,2009/2010,Arrival,17/05/2010
Sogård,2009/2010,Arrival,22/05/2010
Sogård,2009/2010,Arrival,23/05/2010
Sogård,2010/2011,Arrival,13/04/2011
Sogård,2010/2011,Arrival,2/03/2011
Sogård,2010/2011,Arrival,3/03/2011
Sogård,2010/2011,Arrival,19/04/2011
Sogård,2010/2011,Arrival,19/03/2011
Sogård,2010/2011,Arrival,20/03/2011
Sogård,2010/2011,Arrival,2/04/2011
Sogård,2010/2011,Arrival,3/04/2011
Sogård,2010/2011,Arrival,3/04/2011
Sogård,2010/2011,Arrival,4/04/2011
Sogård,2010/2011,Arrival,5/04/2011
Sogård,2010/2011,Arrival,7/04/2011
Sogård,2010/2011,Arrival,7/04/2011
Sogård,2010/2011,Arrival,10/04/2011
Sogård,2010/2011,Arrival,11/04/2011
Sogård,2010/2011,Arrival,13/04/2011
Sogård,2010/2011,Arrival,12/04/2011
Sogård,2010/2011,Arrival,12/04/2011
Sogård,2010/2011,Arrival,13/04/2011
Sogård,2010/2011,Arrival,15/04/2011
Sogård,2010/2011,Arrival,16/04/2011
Sogård,2010/2011,Arrival,16/04/2011
Sogård,2010/2011,Arrival,16/04/2011
Sogård,2010/2011,Arrival,16/04/2011
Sogård,2010/2011,Arrival,17/04/2011
Sogård,2010/2011,Arrival,15/04/2011
Sogård,2010/2011,Arrival,17/04/2011
Sogård,2010/2011,Arrival,16/04/2011
Sogård,2010/2011,Arrival,17/04/2011
Sogård,2010/2011,Arrival,18/04/2011
Sogård,2010/2011,Arrival,18/04/2011
Sogård,2010/2011,Arrival,21/04/2011
Sogård,2010/2011,Arrival,17/04/2011
Sogård,2010/2011,Arrival,18/04/2011
Sogård,2010/2011,Arrival,17/04/2011
Sogård,2010/2011,Arrival,18/04/2011
Sogård,2010/2011,Arrival,18/04/2011
Sogård,2010/2011,Arrival,19/04/2011
Sogård,2010/2011,Arrival,18/04/2011
Sogård,2010/2011,Arrival,18/04/2011
Sogård,2010/2011,Arrival,20/04/2011
Sogård,2010/2011,Arrival,19/04/2011
Sogård,2010/2011,Arrival,19/04/2011
Sogård,2010/2011,Arrival,19/04/2011
Sogård,2010/2011,Arrival,20/04/2011
Sogård,2010/2011,Arrival,20/04/2011
Sogård,2010/2011,Arrival,20/04/2011
Sogård,2010/2011,Arrival,20/04/2011
Sogård,2010/2011,Arrival,19/04/2011
Sogård,2010/2011,Arrival,20/04/2011
Sogård,2010/2011,Arrival,20/04/2011
Sogård,2010/2011,Arrival,20/04/2011
Sogård,2010/2011,Arrival,20/04/2011
Sogård,2010/2011,Arrival,20/04/2011
Sogård,2010/2011,Arrival,20/04/2011
Sogård,2010/2011,Arrival,20/04/2011
Sogård,2010/2011,Arrival,20/04/2011
Sogård,2010/2011,Arrival,22/04/2011
Sogård,2010/2011,Arrival,21/04/2011
Sogård,2010/2011,Arrival,21/04/2011
Sogård,2010/2011,Arrival,21/04/2011
Sogård,2010/2011,Arrival,24/04/2011
Sogård,2010/2011,Arrival,8/05/2011
Sogård,2010/2011,Arrival,8/05/2011
Sogård,2010/2011,Arrival,8/05/2011
Sogård,2010/2011,Arrival,9/05/2011
Sogård,2010/2011,Arrival,9/05/2011
Sogård,2010/2011,Arrival,28/05/2011
Sogård,2010/2011,Arrival,30/05/2011
Sogård,2010/2011,Arrival,30/05/2011
Sogård,2010/2011,Arrival,19/03/2011
Sogård,2010/2011,Arrival,9/04/2011
Sogård,2010/2011,Arrival,18/04/2011
Sogård,2010/2011,Arrival,3/04/2011
Sogård,2010/2011,Arrival,20/04/2011
Sogård,2010/2011,Arrival,20/04/2011
Sogård,2010/2011,Arrival,3/04/2011
Sogård,2010/2011,Arrival,11/04/2011
Sogård,2010/2011,Arrival,16/04/2011
Sogård,2010/2011,Arrival,11/04/2011
Sogård,2010/2011,Arrival,16/04/2011
Sogård,2010/2011,Arrival,20/04/2011
Sogård,2010/2011,Arrival,18/04/2011
Sogård,2010/2011,Arrival,20/04/2011
Sogård,2010/2011,Arrival,18/04/2011
Sogård,2010/2011,Arrival,30/05/2011
Sogård,2010/2011,Arrival,10/04/2011
Sogård,2011/2012,Arrival,1/03/2012
Sogård,2011/2012,Arrival,15/04/2012
Sogård,2011/2012,Arrival,17/03/2012
Sogård,2011/2012,Arrival,13/04/2012
Sogård,2011/2012,Arrival,14/04/2012
Sogård,2011/2012,Arrival,14/04/2012
Sogård,2011/2012,Arrival,15/04/2012
Sogård,2011/2012,Arrival,16/04/2012
Sogård,2011/2012,Arrival,16/04/2012
Sogård,2011/2012,Arrival,17/04/2012
Sogård,2011/2012,Arrival,17/04/2012
Sogård,2011/2012,Arrival,14/04/2012
Sogård,2011/2012,Arrival,21/04/2012
Sogård,2011/2012,Arrival,21/04/2012
Sogård,2011/2012,Arrival,24/04/2012
Sogård,2011/2012,Arrival,23/04/2012
Sogård,2011/2012,Arrival,22/04/2012
Sogård,2011/2012,Arrival,25/04/2012
Sogård,2011/2012,Arrival,24/04/2012
Sogård,2011/2012,Arrival,24/04/2012
Sogård,2011/2012,Arrival,25/04/2012
Sogård,2011/2012,Arrival,25/04/2012
Sogård,2011/2012,Arrival,25/04/2012
Sogård,2011/2012,Arrival,25/04/2012
Sogård,2011/2012,Arrival,26/04/2012
Sogård,2011/2012,Arrival,26/04/2012
Sogård,2011/2012,Arrival,26/04/2012
Sogård,2011/2012,Arrival,26/04/2012
Sogård,2011/2012,Arrival,27/04/2012
Sogård,2011/2012,Arrival,27/04/2012
Sogård,2011/2012,Arrival,27/04/2012
Sogård,2011/2012,Arrival,27/04/2012
Sogård,2011/2012,Arrival,27/04/2012
Sogård,2011/2012,Arrival,3/05/2012
Sogård,2011/2012,Arrival,25/04/2012
Sogård,2011/2012,Arrival,26/04/2012
Sogård,2011/2012,Arrival,26/04/2012
Sogård,2011/2012,Arrival,25/04/2012
Sogård,2011/2012,Arrival,25/04/2012
Sogård,2011/2012,Arrival,22/05/2012
Sogård,2011/2012,Arrival,25/04/2012
